Book Name,Book Category,Book Star Rating,Book Price,Book in Stock
It's Only the Himalayas,Travel,Two,£45.17,In stock
Full Moon over Noah’s Ark: An Odyssey to Mount Ararat and Beyond,Travel,Four,£49.43,In stock
See America: A Celebration of Our National Parks & Treasured Sites,Travel,Three,£48.87,In stock
Vagabonding: An Uncommon Guide to the Art of Long-Term World Travel,Travel,Two,£36.94,In stock
Under the Tuscan Sun,Travel,Three,£37.33,In stock
A Summer In Europe,Travel,Two,£44.34,In stock
The Great Railway Bazaar,Travel,One,£30.54,In stock
A Year in Provence (Provence #1),Travel,Four,£56.88,In stock
The Road to Little Dribbling: Adventures of an American in Britain (Notes From a Small Island #2),Travel,One,£23.21,In stock
Neither Here nor There: Travels in Europe,Travel,Three,£38.95,In stock
"1,000 Places to See Before You Die",Travel,Five,£26.08,In stock
